t	frame	dy	scrollpos	err	top	mid	bot
0.042	1	69	69	16.08	70	63	-57
0.083	2	0	69	0.09	0	0	0
0.125	3	2	71	0.15	0	2	0
0.167	4	3	74	0.34	0	-3	0
0.209	5	-3	71	0.42	0	-3	0
0.250	6	-4	67	0.63	0	-4	0
0.292	7	2	69	0.59	0	2	0
0.334	8	3	72	0.76	0	3	0
0.375	9	-1	71	0.64	0	-1	0
0.417	10	2	73	0.79	0	2	0
0.459	11	0	73	0.51	0	0	0
0.501	12	-1	72	0.64	0	-1	0
0.542	13	0	72	0.35	0	0	0
0.584	14	0	72	0.36	0	0	0
0.626	15	0	72	0.18	0	0	0
0.667	16	0	72	0.19	0	0	0
0.709	17	0	72	0.14	0	0	0
0.751	18	0	72	0.23	0	0	0
0.792	19	0	72	0.13	0	0	0
0.834	20	0	72	0.15	0	0	0
0.876	21	0	72	0.09	0	0	0
0.918	22	0	72	0.10	0	0	0
0.959	23	0	72	0.06	0	0	0
1.001	24	0	72	0.08	0	0	0
1.043	25	0	72	0.04	0	0	0
1.084	26	0	72	0.05	0	0	0
1.126	27	0	72	0.03	0	0	0
1.168	28	0	72	0.03	0	0	0
1.210	29	0	72	0.02	0	0	0
1.251	30	0	72	0.08	0	0	0
1.293	31	0	72	0.14	0	0	0
1.335	32	0	72	0.32	0	0	0
1.376	33	0	72	0.32	0	0	0
1.418	34	0	72	0.68	0	0	0
1.460	35	0	72	0.66	0	0	0
1.502	36	0	72	1.48	0	0	0
1.543	37	0	72	1.54	0	0	0
1.585	38	0	72	2.93	0	67	0
1.627	39	0	72	3.02	0	0	0
1.668	40	0	72	4.11	13	66	-34
1.710	41	0	72	3.64	14	68	0
1.752	42	1	73	4.41	14	67	0
1.793	43	0	73	3.43	0	0	0
1.835	44	0	73	4.45	0	0	0
1.877	45	0	73	3.13	-6	0	1
1.919	46	0	73	4.15	-4	0	1
1.960	47	0	73	2.77	0	0	0
2.002	48	0	73	3.70	-12	0	1
2.044	49	0	73	2.28	0	0	0
2.085	50	0	73	2.82	0	0	0
2.127	51	0	73	1.65	0	0	0
2.169	52	0	73	2.28	0	0	26
2.211	53	0	73	2.00	0	0	18
2.252	54	0	73	3.07	0	0	30
2.294	55	0	73	1.87	0	0	22
2.336	56	0	73	2.73	0	0	32
2.377	57	0	73	1.53	0	0	1
2.419	58	0	73	2.18	0	0	1
2.461	59	0	73	3.56	0	0	0
2.503	60	24	97	4.31	-1	49	0
2.544	61	15	112	0.48	0	15	0
2.586	62	20	132	0.18	0	20	0
2.628	63	12	144	0.10	12	12	0
2.669	64	16	160	0.31	16	17	0
2.711	65	10	170	0.26	10	10	0
2.753	66	13	183	0.64	13	14	0
2.794	67	8	191	0.70	8	9	0
2.836	68	11	202	1.27	10	16	0
2.878	69	6	208	1.19	6	10	1
2.920	70	9	217	1.66	8	13	1
2.961	71	7	224	1.35	5	8	0
3.003	72	10	234	1.79	7	10	1
3.045	73	5	239	1.31	4	6	0
3.086	74	7	246	1.56	5	8	0
3.128	75	4	250	1.01	3	4	0
3.170	76	5	255	1.47	3	6	0
3.212	77	3	258	0.91	2	3	0
3.253	78	3	261	1.20	3	4	0
3.295	79	2	263	0.86	1	2	0
3.337	80	2	265	1.15	2	4	0
3.378	81	1	266	0.78	1	3	0
3.420	82	1	267	1.06	1	3	0
3.462	83	0	267	0.91	0	2	0
3.504	84	0	267	1.17	0	3	0
3.545	85	0	267	1.04	0	2	0
3.587	86	0	267	1.36	0	3	0
3.629	87	0	267	1.00	0	2	0
3.670	88	0	267	1.26	0	2	0
3.712	89	0	267	0.87	0	1	0
3.754	90	0	267	1.13	0	2	0
3.795	91	0	267	0.72	0	1	0
3.837	92	0	267	0.99	0	1	0
3.879	93	0	267	0.63	0	1	0
3.921	94	0	267	0.88	0	1	-3
3.962	95	0	267	0.60	0	1	-2
4.004	96	0	267	1.06	0	1	-2
4.046	97	0	267	0.46	0	0	-1
4.087	98	0	267	0.67	0	1	-2
4.129	99	0	267	0.42	0	0	-1
4.171	100	0	267	0.43	0	0	-1
4.213	101	0	267	0.30	0	0	0
4.254	102	0	267	0.38	0	0	0
4.296	103	0	267	0.21	0	0	0
4.338	104	0	267	0.28	0	0	0
4.379	105	0	267	0.13	0	0	0
4.421	106	0	267	0.16	0	0	0
4.463	107	0	267	0.10	0	0	0
4.505	108	0	267	0.11	0	0	0
4.546	109	0	267	0.04	0	0	0
4.588	110	0	267	0.04	0	0	0
4.630	111	0	267	0.03	0	0	0
4.671	112	0	267	0.02	0	0	0
4.713	113	0	267	0.04	0	0	0
4.755	114	0	267	0.06	0	0	0
4.796	115	0	267	0.07	0	0	0
4.838	116	0	267	0.12	0	0	0
4.880	117	0	267	0.08	0	0	0
4.922	118	0	267	0.17	0	0	0
4.963	119	0	267	0.13	0	0	0
5.005	120	0	267	0.34	0	0	0
5.047	121	0	267	0.10	0	0	0
5.088	122	0	267	0.13	0	0	0
5.130	123	0	267	0.08	0	0	0
5.172	124	0	267	0.08	0	0	0
5.214	125	0	267	0.07	0	0	0
5.255	126	0	267	0.09	0	0	0
5.297	127	0	267	0.05	0	0	0
5.339	128	0	267	0.08	0	0	0
5.380	129	0	267	0.07	0	0	0
5.422	130	0	267	0.06	0	0	0
5.464	131	0	267	0.07	0	0	0
5.506	132	0	267	0.09	0	0	0
5.547	133	0	267	0.07	0	0	0
5.589	134	0	267	0.09	0	0	0
5.631	135	0	267	0.07	0	0	0
5.672	136	0	267	0.10	0	0	0
5.714	137	0	267	0.08	0	0	0
5.756	138	0	267	0.11	0	0	0
5.797	139	0	267	0.09	0	0	0
5.839	140	0	267	0.11	0	0	0
5.881	141	0	267	0.09	0	0	0
5.923	142	0	267	0.13	0	0	0
5.964	143	0	267	0.09	0	0	0
6.006	144	0	267	0.60	0	0	0
6.048	145	0	267	0.11	0	0	0
6.089	146	0	267	0.16	0	0	0
6.131	147	0	267	0.12	0	0	0
6.173	148	0	267	0.16	0	0	0
6.215	149	0	267	0.11	0	0	0
6.256	150	0	267	0.16	0	0	0
6.298	151	0	267	0.11	0	0	0
6.340	152	0	267	0.17	0	0	0
6.381	153	0	267	0.12	0	0	0
6.423	154	0	267	0.16	0	0	0
6.465	155	0	267	0.13	0	0	0
6.507	156	0	267	0.18	0	0	0
6.548	157	0	267	0.13	0	0	0
6.590	158	0	267	0.21	0	0	0
6.632	159	0	267	0.15	0	0	0
6.673	160	0	267	0.21	0	0	0
6.715	161	0	267	0.18	0	0	0
6.757	162	0	267	0.22	0	0	0
6.798	163	0	267	0.18	0	0	0
6.840	164	0	267	0.27	0	0	0
6.882	165	0	267	0.18	0	0	0
6.924	166	0	267	0.24	0	0	0
6.965	167	0	267	0.17	0	0	0
7.007	168	0	267	0.24	0	0	0
7.049	169	0	267	0.19	0	0	0
7.090	170	0	267	0.24	0	0	0
7.132	171	0	267	0.15	0	0	0
7.174	172	0	267	0.20	0	0	0
7.216	173	0	267	0.13	0	0	0
7.257	174	0	267	0.20	0	0	0
7.299	175	0	267	0.13	0	0	0
7.341	176	0	267	0.23	0	0	6
7.382	177	0	267	1.66	0	0	6
7.424	178	0	267	7.97	0	0	10
7.466	179	0	267	7.20	0	0	9
7.508	180	18	285	9.77	0	0	18
7.549	181	16	301	9.61	0	0	16
7.591	182	30	331	11.07	0	0	30
7.633	183	25	356	9.81	0	0	24
7.674	184	43	399	10.53	0	43	44
7.716	185	30	429	8.15	0	30	30
7.758	186	41	470	7.86	0	41	7
7.799	187	23	493	4.74	23	23	0
7.841	188	28	521	2.69	28	28	0
7.883	189	15	536	1.56	15	15	0
7.925	190	19	555	1.46	19	26	1
7.966	191	10	565	0.80	10	15	0
8.008	192	42	607	1.55	13	19	42
8.050	193	22	629	1.55	7	11	24
8.091	194	30	659	1.92	1	14	30
8.133	195	17	676	1.60	0	8	18
8.175	196	22	698	2.39	0	22	22
8.217	197	13	711	1.95	0	13	12
8.258	198	16	727	2.62	0	16	16
8.300	199	4	731	1.95	0	9	10
8.342	200	5	736	2.74	0	11	12
8.383	201	4	740	2.66	0	9	8
8.425	202	2	742	1.79	1	5	5
8.467	203	2	744	2.58	1	6	5
8.509	204	1	745	1.89	1	3	3
8.550	205	1	746	2.57	0	4	3
8.592	206	1	747	1.77	0	2	2
8.634	207	1	748	2.51	0	2	2
8.675	208	1	749	2.08	0	1	1
8.717	209	0	749	2.58	0	1	0
8.759	210	0	749	1.82	0	0	0
8.800	211	0	749	2.92	0	0	0
8.842	212	0	749	2.10	0	0	0
8.884	213	0	749	2.74	0	0	0
8.926	214	0	749	1.97	0	1	0
8.967	215	0	749	2.42	0	1	0
9.009	216	0	749	1.67	0	0	0
9.051	217	1	750	2.73	0	1	0
9.092	218	1	751	2.10	0	1	1
9.134	219	1	752	2.41	1	2	1
9.176	220	1	753	1.75	1	1	2
9.218	221	3	756	2.38	2	3	3
9.259	222	2	758	2.36	2	3	2
9.301	223	5	763	1.51	5	5	5
9.343	224	5	768	2.08	4	5	5
9.384	225	9	777	1.37	9	9	8
9.426	226	7	784	2.05	7	7	7
9.468	227	9	793	1.79	9	9	9
9.510	228	5	798	2.83	5	5	4
9.551	229	5	803	2.44	5	5	5
9.593	230	3	806	2.87	3	3	3
9.635	231	3	809	2.02	3	3	3
9.676	232	2	811	3.44	1	2	2
9.718	233	2	813	2.43	2	2	2
9.760	234	1	814	1.84	1	1	1
9.801	235	1	815	1.82	1	1	1
9.843	236	1	816	3.42	0	1	1
9.885	237	1	817	3.71	0	1	1
9.927	238	0	817	2.68	0	0	0
9.968	239	0	817	1.75	0	0	0
10.010	240	0	817	2.51	0	0	0
10.052	241	0	817	1.50	0	0	0
10.093	242	0	817	1.11	0	0	0
10.135	243	0	817	1.29	0	0	0
10.177	244	0	817	0.92	0	0	0
10.219	245	0	817	0.84	0	0	0
10.260	246	0	817	0.69	0	0	0
10.302	247	0	817	0.72	0	0	0
10.344	248	0	817	0.47	0	0	0
10.385	249	0	817	0.31	0	0	0
10.427	250	0	817	0.22	0	0	0
10.469	251	0	817	0.20	0	0	0
10.511	252	0	817	0.16	0	0	0
10.552	253	0	817	0.15	0	0	0
10.594	254	0	817	0.09	0	0	0
10.636	255	0	817	0.11	0	0	0
10.677	256	0	817	0.09	0	0	0
10.719	257	0	817	0.10	0	0	0
10.761	258	0	817	0.07	0	0	0
10.802	259	0	817	0.06	0	0	0
10.844	260	0	817	0.04	0	0	0
10.886	261	0	817	0.05	0	0	0
10.928	262	0	817	0.04	0	0	0
10.969	263	0	817	1.57	0	0	0
11.011	264	0	817	5.10	0	0	0
11.053	265	0	817	8.70	0	0	13
11.094	266	0	817	5.94	0	0	12
11.136	267	0	817	12.60	0	0	22
11.178	268	0	817	9.45	0	0	19
11.220	269	0	817	19.05	0	0	40
11.261	270	0	817	15.51	0	28	30
11.303	271	45	862	21.21	0	45	50
11.345	272	28	890	15.42	0	28	32
11.386	273	36	926	13.99	0	41	40
11.428	274	20	946	8.40	20	22	0
11.470	275	24	970	4.66	24	27	0
11.512	276	14	984	3.86	13	15	0
11.553	277	17	1001	1.63	16	19	0
11.595	278	9	1010	1.03	9	10	0
11.637	279	13	1023	0.61	11	14	0
11.678	280	7	1030	0.55	7	9	0
11.720	281	9	1039	0.86	9	12	0
11.762	282	5	1044	0.72	5	6	0
11.803	283	6	1050	1.06	5	8	0
11.845	284	3	1053	0.79	3	4	0
11.887	285	3	1056	1.34	3	5	0
11.929	286	2	1058	1.04	2	4	0
11.970	287	2	1060	1.53	1	5	0
12.012	288	1	1061	1.31	0	3	-9
12.054	289	0	1061	1.90	0	3	26
12.095	290	0	1061	1.26	0	2	16
12.137	291	0	1061	1.97	0	3	22
12.179	292	0	1061	1.10	0	1	14
12.221	293	0	1061	1.71	0	1	20
12.262	294	0	1061	1.14	0	1	12
12.304	295	0	1061	1.19	0	16	16
12.346	296	0	1061	0.92	0	9	10
12.387	297	0	1061	1.32	0	12	12
12.429	298	0	1061	1.13	0	7	7
12.471	299	0	1061	1.73	0	11	14
12.513	300	0	1061	1.68	0	7	6
12.554	301	0	1061	2.09	0	8	7
12.596	302	0	1061	1.73	0	5	4
12.638	303	0	1061	2.09	0	6	8
12.679	304	0	1061	1.67	0	3	4
12.721	305	0	1061	1.72	0	4	5
12.763	306	0	1061	1.27	0	2	2
12.804	307	0	1061	1.41	0	2	2
12.846	308	0	1061	1.09	0	1	1
12.888	309	0	1061	1.08	0	1	1
12.930	310	0	1061	0.79	0	0	0
12.971	311	0	1061	0.92	0	0	0
13.013	312	0	1061	0.87	0	0	0
13.055	313	0	1061	1.05	0	0	0
13.096	314	0	1061	0.75	0	0	0
13.138	315	0	1061	0.96	0	0	3
13.180	316	0	1061	0.73	0	0	0
13.222	317	0	1061	0.71	0	0	0
13.263	318	0	1061	0.47	0	0	0
13.305	319	0	1061	0.37	0	0	0
13.347	320	0	1061	0.18	0	0	0
13.388	321	0	1061	0.22	0	0	0
13.430	322	0	1061	0.19	0	0	0
13.472	323	0	1061	0.16	0	0	0
13.514	324	0	1061	0.12	0	0	0
13.555	325	0	1061	0.12	0	0	0
13.597	326	0	1061	0.10	0	0	0
13.639	327	0	1061	0.08	0	0	0
13.680	328	0	1061	0.09	0	0	0
13.722	329	0	1061	0.11	0	0	0
13.764	330	0	1061	0.07	0	0	0
13.805	331	0	1061	0.10	0	0	0
13.847	332	0	1061	0.06	0	0	0
13.889	333	0	1061	0.10	0	0	0
13.931	334	0	1061	0.09	0	0	0
13.972	335	0	1061	0.10	0	0	0
14.014	336	0	1061	0.64	0	0	0
14.056	337	0	1061	0.11	0	0	0
14.097	338	0	1061	0.05	0	0	0
14.139	339	1	1062	0.65	1	1	1
14.181	340	1	1063	0.55	1	1	1
14.223	341	3	1066	1.23	3	3	3
14.264	342	3	1069	1.09	3	3	3
14.306	343	5	1074	0.83	5	5	5
14.348	344	5	1079	0.81	5	5	5
14.389	345	9	1088	0.57	9	9	9
14.431	346	8	1096	0.37	8	8	8
14.473	347	15	1111	1.06	15	15	16
14.515	348	13	1124	0.51	13	13	14
14.556	349	25	1149	0.75	25	25	24
14.598	350	21	1170	0.36	21	21	12
14.640	351	37	1207	0.79	37	37	0
14.681	352	26	1233	0.82	25	25	0
14.723	353	35	1268	0.43	35	34	0
14.765	354	20	1288	0.37	20	32	0
14.806	355	24	1312	0.21	24	0	0
14.848	356	13	1325	0.26	13	0	0
14.890	357	16	1341	0.15	16	0	0
14.932	358	9	1350	0.19	9	0	0
14.973	359	11	1361	0.21	11	30	0
15.015	360	6	1367	0.17	0	18	0
15.057	361	28	1395	0.23	0	27	0
15.098	362	16	1411	0.18	0	16	6
15.140	363	22	1433	0.23	0	22	1
15.182	364	12	1445	0.18	0	14	0
15.224	365	16	1461	0.22	0	17	0
15.265	366	10	1471	0.20	0	12	0
15.307	367	12	1483	0.27	0	20	0
15.349	368	8	1491	0.25	0	16	0
15.390	369	9	1500	0.29	0	23	0
15.432	370	5	1505	0.25	0	11	0
15.474	371	6	1511	0.27	0	6	0
15.516	372	4	1515	0.25	0	5	0
15.557	373	5	1520	0.31	0	0	56
15.599	374	3	1523	0.28	0	1	1
15.641	375	4	1527	0.42	0	0	20
15.682	376	3	1530	0.42	0	0	12
15.724	377	4	1534	0.65	0	0	24
15.766	378	2	1536	0.47	2	0	14
15.807	379	2	1538	0.76	0	0	12
15.849	380	1	1539	0.71	0	0	7
15.891	381	1	1540	0.89	0	0	10
15.933	382	0	1540	0.78	0	0	5
15.974	383	0	1540	0.98	0	0	7
16.016	384	0	1540	1.21	0	1	4
16.058	385	0	1540	1.19	0	4	5
16.099	386	0	1540	1.14	0	2	3
16.141	387	0	1540	1.30	0	2	3
16.183	388	1	1541	0.99	0	1	2
16.225	389	1	1542	1.22	0	1	2
16.266	390	0	1542	0.99	0	1	1
16.308	391	0	1542	1.15	0	1	1
16.350	392	0	1542	0.86	0	0	0
16.391	393	0	1542	0.95	0	0	0
16.433	394	0	1542	0.65	0	0	0
16.475	395	0	1542	0.84	0	0	0
16.517	396	0	1542	0.76	0	0	0
16.558	397	0	1542	0.86	0	0	0
16.600	398	0	1542	0.59	0	0	0
16.642	399	0	1542	0.77	0	0	0
16.683	400	0	1542	0.77	0	0	0
16.725	401	0	1542	0.52	0	0	0
16.767	402	0	1542	0.60	0	0	0
16.808	403	0	1542	0.45	0	0	0
16.850	404	0	1542	0.65	0	0	0
16.892	405	0	1542	0.49	0	0	0
16.934	406	0	1542	0.58	0	0	0
16.975	407	0	1542	0.34	0	0	0
17.017	408	0	1542	0.51	0	0	0
17.059	409	0	1542	0.25	0	0	0
17.100	410	0	1542	0.25	0	0	0
17.142	411	0	1542	0.14	0	0	0
17.184	412	0	1542	0.18	0	0	0
17.226	413	0	1542	0.11	0	0	0
17.267	414	0	1542	0.12	0	0	0
17.309	415	0	1542	0.10	0	0	0
17.351	416	0	1542	0.12	0	0	0
17.392	417	0	1542	0.11	0	0	0
17.434	418	0	1542	0.22	0	0	0
17.476	419	0	1542	0.83	0	0	0
17.518	420	1	1543	1.58	1	1	1
17.559	421	2	1545	0.83	2	2	2
17.601	422	4	1549	0.60	4	4	4
17.643	423	4	1553	0.76	4	4	4
17.684	424	8	1561	0.89	8	8	8
17.726	425	7	1568	0.65	7	7	7
17.768	426	13	1581	1.21	13	13	13
17.809	427	11	1592	1.31	11	11	12
17.851	428	22	1614	0.49	22	22	22
17.893	429	19	1633	0.44	19	19	19
17.935	430	36	1669	0.35	36	36	36
17.976	431	30	1699	1.00	30	30	26
18.018	432	50	1749	1.24	49	50	70
18.060	433	32	1781	0.79	33	32	34
18.101	434	43	1824	0.56	43	46	44
18.143	435	24	1848	0.48	24	25	24
18.185	436	29	1877	0.46	29	31	29
18.227	437	16	1893	0.54	16	17	16
18.268	438	19	1912	0.92	18	20	19
18.310	439	11	1923	0.80	0	14	11
18.352	440	13	1936	1.00	0	14	13
18.393	441	7	1943	0.97	0	11	7
18.435	442	9	1952	1.21	0	9	9
18.477	443	5	1957	1.06	0	6	5
18.519	444	6	1963	1.43	0	6	6
18.560	445	3	1966	1.23	0	3	3
18.602	446	4	1970	1.82	0	4	4
18.644	447	2	1972	1.41	2	2	2
18.685	448	2	1974	2.00	4	2	2
18.727	449	1	1975	1.56	2	1	1
18.769	450	1	1976	2.10	3	0	1
18.810	451	0	1976	1.50	1	0	0
18.852	452	0	1976	2.18	2	0	0
18.894	453	0	1976	1.68	1	0	0
18.936	454	0	1976	2.31	1	0	0
18.977	455	0	1976	1.91	0	2	0
19.019	456	0	1976	2.78	0	3	0
19.061	457	0	1976	2.06	0	1	0
19.102	458	0	1976	2.86	0	2	0
19.144	459	0	1976	2.01	0	1	0
19.186	460	0	1976	2.78	0	1	0
19.228	461	0	1976	1.78	0	1	0
19.269	462	0	1976	2.28	0	1	0
19.311	463	0	1976	1.56	0	0	0
19.353	464	0	1976	1.93	0	0	0
19.394	465	0	1976	1.23	0	0	0
19.436	466	0	1976	1.58	0	0	0
19.478	467	0	1976	1.05	0	0	0
19.520	468	0	1976	1.40	0	0	0
19.561	469	0	1976	0.82	0	0	0
19.603	470	0	1976	1.03	0	0	0
19.645	471	0	1976	0.73	0	0	0
19.686	472	0	1976	0.84	0	0	0
19.728	473	0	1976	0.63	0	0	0
19.770	474	0	1976	0.76	0	0	0
19.811	475	0	1976	0.58	0	0	0
19.853	476	0	1976	0.70	0	0	0
19.895	477	0	1976	0.44	0	0	0
19.937	478	0	1976	0.61	0	0	0
19.978	479	0	1976	0.46	0	0	0
20.020	480	0	1976	1.32	0	0	0
20.062	481	0	1976	0.39	0	0	0
20.103	482	4	1980	0.76	4	4	4
20.145	483	9	1989	0.59	9	9	9
20.187	484	17	2006	2.17	17	18	18
20.229	485	13	2019	2.07	13	13	12
20.270	486	19	2038	1.93	19	19	19
20.312	487	12	2050	1.30	12	12	12
20.354	488	17	2067	2.43	17	17	18
20.395	489	11	2078	1.35	11	11	11
20.437	490	15	2093	2.22	15	15	16
20.479	491	10	2103	2.08	9	10	10
20.521	492	13	2116	2.33	13	13	14
20.562	493	8	2124	1.61	8	8	8
20.604	494	12	2136	2.50	12	11	12
20.646	495	7	2143	1.53	7	7	7
20.687	496	10	2153	2.21	10	10	10
20.729	497	6	2159	1.47	6	6	6
20.771	498	8	2167	2.12	8	8	8
20.812	499	5	2172	1.51	5	5	5
20.854	500	7	2179	2.04	7	7	7
20.896	501	4	2183	1.60	4	4	4
20.938	502	6	2189	2.30	6	6	6
20.979	503	3	2192	1.68	3	3	3
21.021	504	4	2196	2.38	4	5	5
21.063	505	3	2199	1.72	3	3	3
21.104	506	3	2202	2.36	3	3	3
21.146	507	2	2204	1.40	2	2	2
21.188	508	2	2206	2.15	2	2	2
21.230	509	1	2207	1.73	1	1	1
21.271	510	2	2209	2.27	1	2	2
21.313	511	1	2210	1.55	1	1	1
21.355	512	1	2211	2.17	1	1	1
21.396	513	0	2211	1.51	0	0	1
21.438	514	0	2211	1.87	0	0	0
21.480	515	0	2211	1.37	0	0	0
21.522	516	0	2211	2.13	0	0	0
21.563	517	0	2211	1.44	0	0	0
21.605	518	0	2211	1.87	0	0	0
21.647	519	0	2211	1.39	0	0	0
21.688	520	0	2211	2.08	0	0	0
21.730	521	0	2211	1.34	0	0	0
21.772	522	0	2211	1.97	0	0	0
21.813	523	0	2211	1.41	0	0	0
21.855	524	0	2211	1.95	0	0	0
21.897	525	0	2211	1.35	0	0	0
21.939	526	0	2211	2.06	0	0	0
21.980	527	0	2211	1.43	0	0	0
22.022	528	0	2211	2.49	0	0	0
22.064	529	0	2211	1.42	0	0	0
22.105	530	0	2211	2.14	0	0	0
22.147	531	0	2211	1.40	0	0	0
22.189	532	0	2211	2.01	0	0	0
22.231	533	0	2211	1.47	0	0	0
22.272	534	0	2211	2.22	0	0	0
22.314	535	0	2211	1.53	0	0	0
22.356	536	0	2211	2.16	0	0	0
22.397	537	0	2211	1.57	0	0	0
22.439	538	0	2211	2.29	0	0	0
22.481	539	0	2211	1.50	0	0	4
22.523	540	0	2211	2.21	0	0	7
22.564	541	0	2211	5.26	0	0	6
22.606	542	12	2223	7.50	0	0	12
22.648	543	9	2232	6.50	0	0	10
22.689	544	20	2252	8.65	0	0	20
22.731	545	17	2269	7.17	0	0	17
22.773	546	32	2301	10.46	0	0	32
22.814	547	27	2328	10.14	0	27	28
22.856	548	44	2372	11.03	0	45	47
22.898	549	30	2402	8.38	0	29	32
22.940	550	39	2441	7.22	0	40	38
22.981	551	22	2463	4.49	21	22	0
23.023	552	26	2489	3.54	26	27	0
23.065	553	14	2503	2.07	14	15	0
23.106	554	17	2520	1.68	17	18	0
23.148	555	10	2530	0.84	10	12	0
23.190	556	12	2542	0.68	12	12	1
23.232	557	6	2548	0.67	6	7	1
23.273	558	8	2556	0.76	0	8	1
23.315	559	4	2560	0.53	0	5	0
23.357	560	5	2565	0.78	0	6	0
23.398	561	3	2568	0.61	0	3	24
23.440	562	3	2571	0.87	3	4	28
23.482	563	2	2573	0.84	1	2	16
23.524	564	2	2575	1.08	1	2	22
23.565	565	1	2576	0.85	0	1	14
23.607	566	0	2576	1.03	0	0	16
23.649	567	0	2576	0.75	0	0	10
23.690	568	0	2576	0.87	0	0	12
23.732	569	0	2576	0.67	0	0	8
23.774	570	0	2576	0.74	0	0	8
23.815	571	0	2576	0.58	0	0	5
23.857	572	0	2576	0.69	0	0	7
23.899	573	0	2576	0.45	0	0	4
23.941	574	0	2576	0.56	0	0	5
23.982	575	0	2576	0.48	0	0	4
24.024	576	0	2576	0.77	0	0	5
24.066	577	0	2576	0.46	0	0	4
24.107	578	0	2576	0.65	0	0	5
24.149	579	0	2576	0.56	0	0	3
24.191	580	0	2576	0.66	0	0	3
24.233	581	0	2576	0.46	0	0	2
24.274	582	0	2576	0.50	0	0	2
24.316	583	0	2576	0.31	0	0	1
24.358	584	0	2576	0.37	0	0	1
24.399	585	0	2576	0.21	0	0	0
24.441	586	0	2576	0.31	0	0	1
24.483	587	0	2576	0.15	0	0	0
24.525	588	0	2576	0.11	0	0	0
24.566	589	0	2576	0.05	0	0	0
24.608	590	0	2576	0.06	0	0	0
24.650	591	0	2576	0.04	0	0	0
24.691	592	0	2576	0.38	0	0	0
24.733	593	0	2576	0.69	0	1	0
24.775	594	1	2577	0.26	1	1	1
24.816	595	1	2578	0.33	1	1	1
24.858	596	2	2580	0.82	2	2	3
24.900	597	2	2582	0.26	2	2	2
24.942	598	4	2586	0.65	4	4	4
24.983	599	4	2590	0.61	3	4	4
25.025	600	7	2597	0.46	0	7	7
25.067	601	10	2607	0.53	0	10	10
25.108	602	8	2615	0.55	0	8	8
25.150	603	16	2631	0.76	16	16	16
25.192	604	12	2643	0.66	0	12	12
25.234	605	20	2663	0.58	0	20	22
25.275	606	12	2675	0.55	0	12	1
25.317	607	16	2691	0.40	0	16	0
25.359	608	9	2700	0.48	0	9	1
25.400	609	11	2711	0.56	0	10	14
25.442	610	6	2717	0.36	0	6	7
25.484	611	7	2724	0.34	0	7	10
25.526	612	4	2728	0.44	0	4	5
25.567	613	5	2733	0.51	0	5	7
25.609	614	3	2736	0.45	0	3	3
25.651	615	3	2739	0.66	0	3	4
25.692	616	2	2741	0.50	0	2	3
25.734	617	2	2743	0.66	0	2	4
25.776	618	1	2744	0.54	0	1	2
25.817	619	2	2746	0.81	0	1	2
25.859	620	1	2747	0.52	0	1	1
25.901	621	1	2748	0.70	0	1	1
25.943	622	0	2748	0.70	0	0	1
25.984	623	0	2748	0.54	0	0	1
26.026	624	0	2748	0.75	0	0	0
26.068	625	0	2748	0.35	0	0	0
26.109	626	0	2748	0.30	0	0	0
26.151	627	0	2748	0.28	0	0	0
26.193	628	0	2748	0.11	0	0	0
26.235	629	0	2748	0.10	0	0	0
26.276	630	0	2748	0.11	0	0	0
26.318	631	0	2748	0.05	0	0	0
26.360	632	0	2748	0.09	0	0	0
26.401	633	0	2748	0.05	0	0	0
26.443	634	0	2748	0.00	0	0	0
26.485	635	0	2748	0.00	0	0	0
26.527	636	0	2748	0.02	0	0	0
26.568	637	0	2748	0.01	0	0	0
26.610	638	0	2748	0.01	0	0	0
26.652	639	0	2748	0.00	0	0	0
26.693	640	0	2748	0.00	0	0	0
26.735	641	0	2748	0.00	0	0	0
26.777	642	0	2748	0.00	0	0	0
26.818	643	0	2748	0.01	0	0	0
26.860	644	0	2748	0.02	0	0	0
26.902	645	0	2748	0.00	0	0	0
26.944	646	0	2748	0.00	0	0	0
26.985	647	0	2748	0.00	0	0	0
27.027	648	0	2748	0.01	0	0	0
27.069	649	1	2749	0.14	0	1	1
27.110	650	1	2750	0.47	0	1	1
27.152	651	3	2753	0.40	0	3	3
27.194	652	3	2756	0.22	0	3	3
27.236	653	6	2762	0.54	0	6	6
27.277	654	6	2768	0.89	0	6	5
27.319	655	11	2779	0.36	0	11	11
27.361	656	9	2788	0.69	0	9	9
27.402	657	18	2806	0.15	0	18	18
27.444	658	15	2821	0.94	0	15	16
27.486	659	30	2851	0.88	0	30	30
27.528	660	25	2876	1.22	0	25	25
27.569	661	43	2919	1.87	0	43	46
27.611	662	30	2949	1.12	0	30	32
27.653	663	41	2990	1.68	41	43	46
27.694	664	24	3014	1.46	23	24	16
27.736	665	28	3042	1.77	28	30	0
27.778	666	16	3058	1.25	15	16	0
27.819	667	19	3077	1.74	19	22	0
27.861	668	11	3088	1.24	10	12	0
27.903	669	13	3101	1.45	13	15	18
27.945	670	7	3108	1.29	7	9	24
27.986	671	9	3117	1.92	9	40	32
28.028	672	5	3122	1.45	5	2	20
28.070	673	6	3128	2.04	6	0	26
28.111	674	3	3131	1.42	3	16	5
28.153	675	4	3135	1.85	4	21	5
28.195	676	2	3137	1.22	2	12	6
28.237	677	2	3139	1.64	2	16	6
28.278	678	1	3140	1.12	1	9	8
28.320	679	1	3141	1.35	1	1	10
28.362	680	0	3141	0.74	0	6	5
28.403	681	0	3141	0.83	0	8	4
28.445	682	0	3141	0.70	0	5	6
28.487	683	0	3141	0.76	0	5	8
28.529	684	0	3141	0.70	0	3	5
28.570	685	0	3141	0.76	0	3	6
28.612	686	0	3141	0.70	0	2	4
28.654	687	0	3141	0.79	0	3	5
28.695	688	0	3141	0.77	0	2	3
28.737	689	0	3141	0.94	0	2	3
28.779	690	0	3141	0.74	0	1	2
28.820	691	0	3141	1.11	0	1	2
28.862	692	0	3141	1.00	0	0	3
28.904	693	0	3141	1.16	0	0	2
28.946	694	0	3141	0.88	0	0	1
28.987	695	0	3141	1.07	0	0	1
29.029	696	0	3141	0.80	0	0	1
29.071	697	0	3141	0.90	0	0	1
29.112	698	0	3141	0.53	0	0	0
29.154	699	0	3141	0.60	0	0	1
29.196	700	0	3141	0.34	0	0	0
29.238	701	0	3141	0.39	0	0	0
29.279	702	0	3141	0.28	0	0	0
29.321	703	0	3141	0.23	0	0	0
29.363	704	0	3141	0.17	0	0	0
29.404	705	1	3142	1.43	0	0	1
29.446	706	1	3143	1.01	1	1	1
29.488	707	2	3145	1.30	1	1	2
29.530	708	2	3147	1.27	1	2	2
29.571	709	3	3150	0.33	3	3	3
29.613	710	3	3153	0.58	3	3	3
29.655	711	5	3158	1.13	5	5	5
29.696	712	5	3163	0.99	5	5	5
29.738	713	9	3172	0.17	9	9	8
29.780	714	8	3180	0.81	8	8	8
29.821	715	15	3195	0.68	15	15	14
29.863	716	12	3207	0.72	12	12	28
29.905	717	22	3229	0.95	0	21	30
29.947	718	15	3244	0.43	0	15	28
29.988	719	20	3264	1.07	0	20	34
30.030	720	11	3275	1.12	0	12	22
30.072	721	14	3289	0.85	14	14	26
30.113	722	8	3297	0.87	8	8	14
30.155	723	9	3306	1.07	9	9	18
30.197	724	5	3311	0.76	5	8	10
30.239	725	6	3317	1.38	6	9	14
30.280	726	3	3320	1.32	3	11	7
30.322	727	4	3324	1.30	4	6	10
30.364	728	2	3326	1.65	2	5	7
30.405	729	3	3329	1.64	3	5	7
30.447	730	2	3331	1.64	1	3	5
30.489	731	2	3333	1.77	1	3	4
30.531	732	1	3334	1.16	1	1	3
30.572	733	1	3335	1.48	1	1	4
30.614	734	1	3336	1.61	0	1	2
30.656	735	0	3336	1.70	0	1	1
30.697	736	0	3336	0.83	0	0	1
30.739	737	0	3336	0.84	0	0	1
30.781	738	0	3336	0.49	0	0	0
30.822	739	0	3336	0.52	0	0	0
30.864	740	0	3336	0.35	0	0	0
30.906	741	0	3336	0.38	0	0	0
30.948	742	0	3336	0.30	0	0	0
30.989	743	0	3336	0.27	0	0	0
31.031	744	0	3336	0.20	0	0	0
31.073	745	0	3336	0.19	0	0	0
31.114	746	0	3336	0.12	0	0	0
31.156	747	0	3336	0.11	0	0	0
31.198	748	0	3336	0.08	0	0	0
31.240	749	0	3336	0.07	0	0	0
31.281	750	0	3336	0.06	0	0	0
31.323	751	0	3336	0.09	0	0	7
31.365	752	0	3336	3.92	0	0	6
31.406	753	12	3348	6.27	0	0	12
31.448	754	11	3359	6.80	0	0	10
31.490	755	20	3379	6.99	0	0	20
31.532	756	17	3396	6.81	0	0	17
31.573	757	33	3429	6.65	0	0	33
31.615	758	27	3456	4.82	0	27	28
31.657	759	44	3500	4.33	0	44	56
31.698	760	30	3530	4.24	0	29	34
31.740	761	39	3569	3.83	0	44	44
31.782	762	22	3591	3.97	22	25	42
31.823	763	26	3617	3.23	26	31	42
31.865	764	14	3631	3.28	14	17	24
31.907	765	17	3648	3.34	17	21	30
31.949	766	10	3658	2.49	10	12	18
31.990	767	14	3672	2.17	12	21	22
32.032	768	8	3680	2.00	8	12	16
32.074	769	10	3690	2.58	10	15	16
32.115	770	6	3696	2.45	6	8	10
32.157	771	7	3703	3.49	7	10	12
32.199	772	4	3707	2.99	4	6	6
32.241	773	5	3712	4.19	4	6	8
32.282	774	3	3715	3.62	2	3	4
32.324	775	3	3718	5.02	2	3	5
32.366	776	1	3719	4.05	1	2	2
32.407	777	1	3720	5.34	0	4	2
32.449	778	0	3720	4.24	0	2	1
32.491	779	0	3720	5.20	0	0	1
32.533	780	0	3720	4.21	0	1	1
32.574	781	0	3720	4.83	0	0	1
32.616	782	0	3720	3.09	0	0	1
32.658	783	0	3720	3.77	0	0	1
32.699	784	0	3720	2.56	0	0	0
32.741	785	0	3720	2.95	0	0	0
32.783	786	0	3720	1.65	0	0	0
32.824	787	0	3720	1.97	0	0	0
32.866	788	0	3720	1.24	0	0	0
32.908	789	0	3720	1.24	0	0	0
32.950	790	0	3720	0.87	0	0	0
32.991	791	0	3720	0.81	0	0	0
33.033	792	0	3720	0.62	0	0	0
33.075	793	0	3720	0.49	0	0	0
33.116	794	0	3720	0.37	0	0	0
33.158	795	0	3720	0.32	0	0	0
33.200	796	0	3720	0.27	0	0	0
33.242	797	0	3720	0.16	0	0	0
33.283	798	0	3720	0.10	0	0	0
33.325	799	0	3720	0.14	0	0	0
33.367	800	0	3720	0.10	0	0	0
33.408	801	0	3720	0.05	0	0	0
33.450	802	0	3720	0.04	0	0	0
33.492	803	0	3720	0.07	0	0	0
33.534	804	0	3720	1.12	0	0	0
33.575	805	1	3721	1.98	1	1	1
33.617	806	2	3723	0.59	2	2	2
33.659	807	2	3725	0.42	2	2	2
33.700	808	4	3729	0.43	4	4	4
33.742	809	4	3733	2.31	4	3	3
33.784	810	7	3740	0.19	7	7	7
33.825	811	6	3746	0.38	6	6	6
33.867	812	11	3757	0.41	11	11	11
33.909	813	9	3766	0.32	9	9	9
33.951	814	17	3783	0.40	17	17	17
33.992	815	14	3797	0.36	14	14	14
34.034	816	26	3823	1.10	26	26	26
34.076	817	21	3844	1.51	21	21	22
34.117	818	38	3882	1.44	38	39	38
34.159	819	29	3911	0.79	29	29	-1
34.201	820	45	3956	1.03	45	45	0
34.243	821	28	3984	0.44	28	28	30
34.284	822	36	4020	0.71	36	41	0
34.326	823	20	4040	1.06	20	23	0
34.368	824	24	4064	1.13	24	28	0
34.409	825	15	4079	1.13	13	15	0
34.451	826	19	4098	0.67	19	36	0
34.493	827	10	4108	0.52	10	0	0
34.535	828	12	4120	1.29	12	17	0
34.576	829	7	4127	1.01	7	9	0
34.618	830	8	4135	1.22	8	11	0
34.660	831	4	4139	1.29	4	6	0
34.701	832	5	4144	2.01	4	7	0
34.743	833	2	4146	1.69	2	4	0
34.785	834	2	4148	2.17	2	4	6
34.826	835	1	4149	2.18	0	2	4
34.868	836	2	4151	2.78	0	2	5
34.910	837	0	4151	2.16	0	1	3
34.952	838	1	4152	2.55	0	1	4
34.993	839	0	4152	2.32	0	1	2
35.035	840	0	4152	2.87	0	1	4
35.077	841	0	4152	1.89	0	0	3
35.118	842	0	4152	2.00	0	0	3
35.160	843	0	4152	1.76	0	0	2
35.202	844	0	4152	2.15	0	0	2
35.244	845	0	4152	1.47	0	0	2
35.285	846	0	4152	1.81	0	0	2
35.327	847	0	4152	1.11	0	0	1
35.369	848	0	4152	1.34	0	0	1
35.410	849	0	4152	0.72	0	0	1
35.452	850	0	4152	0.77	0	0	1
35.494	851	0	4152	0.38	0	0	0
35.536	852	0	4152	0.48	0	0	0
35.577	853	0	4152	0.26	0	0	0
35.619	854	0	4152	2.19	0	0	1
35.661	855	1	4153	0.93	1	1	1
35.702	856	2	4155	1.26	2	2	2
35.744	857	2	4157	1.26	2	2	2
35.786	858	5	4162	1.48	5	5	5
35.827	859	4	4166	0.77	4	4	4
35.869	860	8	4174	1.54	8	8	8
35.911	861	7	4181	0.23	7	7	7
35.953	862	14	4195	0.95	14	14	14
35.994	863	12	4207	1.17	12	12	12
36.036	864	23	4230	1.80	23	23	23
36.078	865	19	4249	0.79	19	19	20
36.119	866	35	4284	1.04	35	35	3
36.161	867	25	4309	1.20	25	25	1
36.203	868	36	4345	0.93	36	36	0
36.245	869	21	4366	0.22	21	21	0
36.286	870	26	4392	0.39	26	48	20
36.328	871	14	4406	0.29	14	7	20
36.370	872	17	4423	0.53	17	0	34
36.411	873	9	4432	0.85	9	9	20
36.453	874	12	4444	1.71	12	14	26
36.495	875	7	4451	1.96	6	8	15
36.537	876	20	4471	2.53	8	10	20
36.578	877	10	4481	2.05	4	5	5
36.620	878	7	4488	3.68	5	7	6
36.662	879	4	4492	2.89	2	4	3
36.703	880	4	4496	3.56	0	5	4
36.745	881	2	4498	2.85	0	2	3
36.787	882	3	4501	3.01	0	3	3
36.828	883	1	4502	2.90	0	1	1
36.870	884	1	4503	3.24	0	1	1
36.912	885	1	4504	2.79	0	1	0
36.954	886	1	4505	2.52	0	1	0
36.995	887	0	4505	2.08	0	0	0
37.037	888	0	4505	2.56	0	0	0
37.079	889	0	4505	1.68	0	0	0
37.120	890	0	4505	1.71	0	0	0
37.162	891	0	4505	1.39	0	0	0
37.204	892	0	4505	1.15	0	0	0
37.246	893	0	4505	0.88	0	0	0
37.287	894	0	4505	0.75	0	0	0
37.329	895	0	4505	0.49	0	0	0
37.371	896	0	4505	0.54	0	0	0
37.412	897	0	4505	0.30	0	0	0
37.454	898	0	4505	0.30	0	0	0
37.496	899	0	4505	0.22	0	0	0
37.538	900	0	4505	0.29	0	0	0
37.579	901	0	4505	0.17	0	0	0
37.621	902	0	4505	0.18	0	0	0
37.663	903	0	4505	0.08	0	0	0
37.704	904	0	4505	0.12	0	0	0
37.746	905	0	4505	0.02	0	0	0
37.788	906	0	4505	0.05	0	0	0
37.829	907	0	4505	0.01	0	0	0
37.871	908	0	4505	0.05	0	0	0
37.913	909	0	4505	0.24	0	0	0
37.955	910	0	4505	0.03	0	0	0
37.996	911	0	4505	0.20	0	0	0
38.038	912	1	4506	1.32	0	1	1
38.080	913	1	4507	0.66	0	1	1
38.121	914	2	4509	0.81	0	2	2
38.163	915	2	4511	0.25	0	2	2
38.205	916	4	4515	1.03	0	4	4
38.247	917	4	4519	1.03	0	4	4
38.288	918	7	4526	0.93	0	7	7
38.330	919	6	4532	0.82	0	6	6
38.372	920	12	4544	0.79	12	12	12
38.413	921	10	4554	0.92	10	10	10
38.455	922	20	4574	1.00	20	20	20
38.497	923	17	4591	0.71	17	17	17
38.539	924	33	4624	0.62	33	33	5
38.580	925	26	4650	1.41	27	26	28
38.622	926	41	4691	1.06	41	41	30
38.664	927	24	4715	1.00	24	26	0
38.705	928	29	4744	1.28	29	31	0
38.747	929	15	4759	1.04	15	17	0
38.789	930	18	4777	1.07	18	20	0
38.830	931	10	4787	0.65	10	10	34
38.872	932	12	4799	1.09	12	1	36
38.914	933	7	4806	0.61	7	6	22
38.956	934	8	4814	0.90	8	0	30
38.997	935	4	4818	0.75	4	18	18
39.039	936	5	4823	0.84	5	23	30
39.081	937	3	4826	0.62	3	14	18
39.122	938	3	4829	0.69	3	18	24
39.164	939	2	4831	0.65	2	15	16
39.206	940	2	4833	0.96	2	20	26
39.248	941	1	4834	0.75	1	9	16
39.289	942	0	4834	1.06	0	12	14
39.331	943	0	4834	0.64	0	8	8
39.373	944	0	4834	0.84	0	11	10
39.414	945	0	4834	0.81	0	6	5
39.456	946	0	4834	1.03	0	7	8
39.498	947	0	4834	1.07	0	4	5
39.540	948	0	4834	1.50	0	5	6
39.581	949	0	4834	1.29	0	2	3
39.623	950	0	4834	1.61	0	3	4
39.665	951	0	4834	1.40	0	1	4
39.706	952	0	4834	1.75	0	1	6
39.748	953	0	4834	1.33	0	1	1
39.790	954	0	4834	1.58	0	1	2
39.831	955	0	4834	1.22	0	1	1
39.873	956	0	4834	1.40	0	1	1
39.915	957	0	4834	0.92	0	0	1
39.957	958	0	4834	1.05	0	0	1
39.998	959	0	4834	0.67	0	0	1
40.040	960	0	4834	1.29	0	0	1
40.082	961	0	4834	0.40	0	0	0
40.123	962	0	4834	0.39	0	0	0
40.165	963	0	4834	0.78	0	0	1
40.207	964	1	4835	0.63	1	1	1
40.249	965	1	4836	0.17	1	1	1
40.290	966	2	4838	0.19	2	2	2
40.332	967	2	4840	0.53	2	2	2
40.374	968	4	4844	0.72	4	4	4
40.415	969	3	4847	0.61	3	3	3
40.457	970	6	4853	0.71	6	6	6
40.499	971	5	4858	0.74	5	5	5
40.541	972	10	4868	0.70	10	10	10
40.582	973	9	4877	0.33	9	9	8
40.624	974	17	4894	0.67	21	17	14
40.666	975	13	4907	0.66	13	13	0
40.707	976	21	4928	0.39	21	21	-1
40.749	977	13	4941	0.27	13	13	0
40.791	978	17	4958	0.24	17	17	0
40.832	979	9	4967	0.53	9	9	24
40.874	980	11	4978	0.54	11	11	34
40.916	981	6	4984	0.29	6	6	20
40.958	982	8	4992	1.07	8	7	28
40.999	983	4	4996	0.40	4	4	20
41.041	984	5	5001	0.51	5	21	28
41.083	985	3	5004	0.70	3	13	16
41.124	986	4	5008	1.33	3	15	26
41.166	987	2	5010	0.90	2	14	16
41.208	988	2	5012	1.11	2	18	24
41.250	989	1	5013	0.85	1	8	10
41.291	990	1	5014	1.15	1	11	12
41.333	991	1	5015	1.20	1	8	7
41.375	992	1	5016	1.53	1	8	10
41.416	993	0	5016	1.20	0	4	5
41.458	994	0	5016	1.38	0	7	7
41.500	995	0	5016	1.28	0	3	6
41.542	996	0	5016	1.52	0	4	8
41.583	997	0	5016	1.39	0	2	4
41.625	998	0	5016	1.74	0	2	7
41.667	999	0	5016	1.46	0	1	3
41.708	1000	0	5016	1.66	0	3	4
41.750	1001	0	5016	1.57	0	2	3
41.792	1002	0	5016	1.22	0	1	1
41.834	1003	0	5016	1.24	0	0	1
41.875	1004	0	5016	0.83	0	0	1
41.917	1005	0	5016	0.87	0	0	1
41.959	1006	0	5016	0.55	0	0	0
42.000	1007	0	5016	0.48	0	0	0
42.042	1008	0	5016	0.93	0	0	0
42.084	1009	0	5016	0.24	0	0	0
42.125	1010	0	5016	0.12	0	0	0
42.167	1011	1	5017	0.94	1	1	1
42.209	1012	1	5018	0.30	1	1	1
42.251	1013	2	5020	0.60	2	2	2
42.292	1014	2	5022	0.31	2	2	2
42.334	1015	4	5026	0.59	4	4	4
42.376	1016	4	5030	1.11	4	4	4
42.417	1017	7	5037	0.24	7	7	7
42.459	1018	6	5043	0.77	6	6	6
42.501	1019	11	5054	0.84	11	11	10
42.543	1020	9	5063	0.36	9	9	9
42.584	1021	16	5079	0.88	16	16	16
42.626	1022	14	5093	0.93	14	14	14
42.668	1023	25	5118	0.24	25	25	0
42.709	1024	20	5138	0.53	20	20	5
42.751	1025	35	5173	0.31	35	35	0
42.793	1026	25	5198	0.74	25	60	0
42.835	1027	35	5233	0.39	35	35	0
42.876	1028	20	5253	0.39	20	20	0
42.918	1029	25	5278	0.43	25	26	0
42.960	1030	14	5292	0.49	14	15	0
43.001	1031	17	5309	0.36	17	18	0
43.043	1032	10	5319	0.37	0	10	0
43.085	1033	12	5331	0.37	0	12	-69
43.126	1034	6	5337	0.29	0	6	6
43.168	1035	7	5344	0.45	0	8	7
43.210	1036	4	5348	0.26	4	4	4
43.252	1037	5	5353	0.42	4	5	4
43.293	1038	2	5355	0.41	2	3	2
43.335	1039	3	5358	0.51	2	3	2
43.377	1040	1	5359	0.32	1	1	1
43.418	1041	1	5360	0.51	1	1	0
43.460	1042	0	5360	0.40	0	1	0
43.502	1043	0	5360	0.54	0	1	0
43.544	1044	0	5360	0.48	0	1	0
43.585	1045	0	5360	0.71	0	1	0
43.627	1046	0	5360	0.58	0	1	0
43.669	1047	0	5360	0.91	0	1	1
43.710	1048	0	5360	0.69	0	1	1
43.752	1049	0	5360	0.89	0	1	1
43.794	1050	0	5360	0.66	0	1	0
43.836	1051	0	5360	0.92	0	1	0
43.877	1052	0	5360	0.64	0	1	0
43.919	1053	0	5360	0.90	0	1	0
43.961	1054	0	5360	0.70	0	1	0
44.002	1055	0	5360	0.65	0	1	0
44.044	1056	0	5360	1.08	0	0	0
44.086	1057	0	5360	0.65	0	0	0
44.127	1058	0	5360	0.47	0	0	0
44.169	1059	0	5360	0.49	0	0	0
44.211	1060	0	5360	0.36	0	0	0
44.253	1061	0	5360	0.38	0	0	0
44.294	1062	0	5360	0.25	0	0	0
44.336	1063	0	5360	0.43	0	0	0
44.378	1064	0	5360	0.23	0	0	0
44.419	1065	0	5360	0.30	0	0	0
44.461	1066	0	5360	0.22	0	0	0
44.503	1067	0	5360	0.29	0	0	0
44.545	1068	0	5360	0.22	0	0	0
44.586	1069	0	5360	0.20	0	0	0
44.628	1070	0	5360	0.16	0	0	0
44.670	1071	0	5360	0.18	0	0	0
44.711	1072	0	5360	0.16	0	0	0
44.753	1073	0	5360	0.11	0	0	0
44.795	1074	0	5360	0.06	0	0	0
44.837	1075	0	5360	0.11	0	0	0
44.878	1076	0	5360	0.09	0	0	0
44.920	1077	0	5360	0.09	0	0	0
44.962	1078	0	5360	0.07	0	0	0
45.003	1079	0	5360	0.09	0	0	0
45.045	1080	0	5360	0.14	0	0	0
45.087	1081	0	5360	0.03	0	0	0
45.128	1082	0	5360	0.02	0	0	0
45.170	1083	0	5360	0.02	0	0	0
45.212	1084	0	5360	0.01	0	0	0
45.254	1085	0	5360	0.00	0	0	0
45.295	1086	0	5360	0.01	0	0	0
45.337	1087	0	5360	0.01	0	0	0
45.379	1088	0	5360	0.01	0	0	0
45.420	1089	0	5360	0.01	0	0	0
45.462	1090	0	5360	0.01	0	0	0
45.504	1091	0	5360	1.22	0	0	0
45.546	1092	0	5360	1.81	0	0	0
45.587	1093	0	5360	3.26	0	0	44
45.629	1094	0	5360	1.50	0	33	0
45.671	1095	0	5360	1.95	0	42	0
45.712	1096	0	5360	1.20	0	24	0
45.754	1097	0	5360	1.58	0	7	0
45.796	1098	0	5360	0.81	0	6	0
45.838	1099	0	5360	1.18	0	0	0
45.879	1100	0	5360	0.49	0	0	0
45.921	1101	15	5375	0.42	0	0	0
45.963	1102	8	5383	0.21	0	0	0
46.004	1103	11	5394	0.04	13	0	0
46.046	1104	5	5399	0.03	4	-69	0
46.088	1105	0	5399	0.00	7	0	0
46.129	1106	0	5399	0.00	1	0	0
46.171	1107	0	5399	0.00	0	0	6
46.213	1108	0	5399	0.00	0	0	0
46.255	1109	0	5399	0.00	0	0	0
46.296	1110	0	5399	0.00	0	0	0
46.338	1111	0	5399	0.00	0	0	0
46.380	1112	0	5399	0.00	0	0	0
46.421	1113	0	5399	0.00	0	0	0
46.463	1114	0	5399	0.00	0	0	0
